Coefficients constant [W],Coefficients T [W/K],Coefficients j [W/(A/m^2)],T_start [K],T_end [K],j_start [A/m^2],j_end [A/m^2],Area [m^2],Temperature starts,Temperature ends,Current density starts,Current density ends
715.071323, -2.381996, 0.453055, 313.000000, 329.500000, 1000.000000, 1990.000000, 0.210000, 313.000000, 329.500000, 1000.000000, 1990.000000
1200.022366, -4.163185, 0.496250, 313.000000, 329.500000, 2020.000000, 3010.000000, 0.210000, 330.000000, 346.500000, 2020.000000, 3010.000000
1514.878375, -5.982560, 0.582982, 313.000000, 329.500000, 3040.000000, 4000.000000, 0.210000, 347.000000, 363.000000, 3040.000000, 4000.000000
684.855198, -2.167614, 0.426022, 330.000000, 346.500000, 1000.000000, 1990.000000, 0.210000
1129.591185, -3.732033, 0.467784, 330.000000, 346.500000, 2020.000000, 3010.000000, 0.210000
1380.112110, -5.280235, 0.555552, 330.000000, 346.500000, 3040.000000, 4000.000000, 0.210000
662.327925, -1.999058, 0.402030, 347.000000, 363.000000, 1000.000000, 1990.000000, 0.210000
1079.188909, -3.407514, 0.443127, 347.000000, 363.000000, 2020.000000, 3010.000000, 0.210000
1283.443180, -4.768443, 0.532653, 347.000000, 363.000000, 3040.000000, 4000.000000, 0.210000
