Coefficients constant [W],Coefficients T [W/K],Coefficients j [W/(A/m^2)],T_start [K],T_end [K],j_start [A/m^2],j_end [A/m^2],Area [m^2],Temperature starts,Temperature ends,Current density starts,Current density ends
1305.935128, -4.755563, 0.505271, 293.000000, 319.500000, 1500.000000, 7628.125000, 0.210000, 293.000000, 319.500000, 1500.000000, 7628.125000
4317.056609, -16.887850, 0.596802, 293.000000, 319.500000, 7743.750000, 13871.875000, 0.210000, 320.000000, 346.500000, 7743.750000, 13871.875000
8255.954810, -35.644788, 0.723571, 293.000000, 319.500000, 13987.500000, 20000.000000, 0.210000, 347.000000, 373.000000, 13987.500000, 20000.000000
1363.692339, -4.454750, 0.471855, 320.000000, 346.500000, 1500.000000, 7628.125000, 0.210000
3805.432852, -13.379693, 0.541011, 320.000000, 346.500000, 7743.750000, 13871.875000, 0.210000
6317.563266, -25.554154, 0.648794, 320.000000, 346.500000, 13987.500000, 20000.000000, 0.210000
1582.953372, -4.692771, 0.442026, 347.000000, 373.000000, 1500.000000, 7628.125000, 0.210000
3977.571364, -12.576811, 0.499611, 347.000000, 373.000000, 7743.750000, 13871.875000, 0.210000
5956.965422, -22.055816, 0.599081, 347.000000, 373.000000, 13987.500000, 20000.000000, 0.210000
