Coefficients constant [W],Coefficients T [W/K],Coefficients j [W/(A/m^2)],T_start [K],T_end [K],j_start [A/m^2],j_end [A/m^2],Area [m^2],Temperature starts,Temperature ends,Current density starts,Current density ends
669.011542, -0.669115, 0.283303, 1073.000000, 1139.500000, 2000.000000, 4660.000000, 0.210000, 1073.000000, 1139.500000, 2000.000000, 4660.000000
1897.703561, -1.913829, 0.315177, 1073.000000, 1139.500000, 4680.000000, 7340.000000, 0.210000, 1140.000000, 1206.500000, 4680.000000, 7340.000000
3628.185894, -3.670780, 0.344243, 1073.000000, 1139.500000, 7360.000000, 10000.000000, 0.210000, 1207.000000, 1273.000000, 7360.000000, 10000.000000
376.691659, -0.360262, 0.265681, 1140.000000, 1206.500000, 2000.000000, 4660.000000, 0.210000
1072.899627, -1.034991, 0.286166, 1140.000000, 1206.500000, 4680.000000, 7340.000000, 0.210000
2102.041277, -2.033112, 0.305503, 1140.000000, 1206.500000, 7360.000000, 10000.000000, 0.210000
231.908725, -0.213717, 0.256198, 1207.000000, 1273.000000, 2000.000000, 4660.000000, 0.210000
631.469125, -0.588557, 0.270210, 1207.000000, 1273.000000, 4680.000000, 7340.000000, 0.210000
1226.101614, -1.146625, 0.283474, 1207.000000, 1273.000000, 7360.000000, 10000.000000, 0.210000
