Coefficients constant [W],Coefficients T [W/K],Coefficients j [W/(A/m^2)],T_start [K],T_end [K],j_start [A/m^2],j_end [A/m^2],Area [m^2],Temperature starts,Temperature ends,Current density starts,Current density ends
1523.001239, -5.309248, 0.504963, 293.000000, 319.500000, 1500.000000, 7628.125000, 0.210000, 293.000000, 319.500000, 1500.000000, 7628.125000
4529.591639, -17.438956, 0.597091, 293.000000, 319.500000, 7743.750000, 13871.875000, 0.210000, 320.000000, 346.500000, 7743.750000, 13871.875000
8320.435689, -35.959666, 0.731988, 293.000000, 319.500000, 13987.500000, 20000.000000, 0.210000, 347.000000, 373.000000, 13987.500000, 20000.000000
1494.161844, -4.736080, 0.471520, 320.000000, 346.500000, 1500.000000, 7628.125000, 0.210000
3930.971802, -13.658444, 0.541326, 320.000000, 346.500000, 7743.750000, 13871.875000, 0.210000
6285.985084, -25.606954, 0.657953, 320.000000, 346.500000, 13987.500000, 20000.000000, 0.210000
1667.552251, -4.840981, 0.441664, 347.000000, 373.000000, 1500.000000, 7628.125000, 0.210000
4056.843911, -12.722442, 0.499951, 347.000000, 373.000000, 7743.750000, 13871.875000, 0.210000
5868.635202, -21.980520, 0.608976, 347.000000, 373.000000, 13987.500000, 20000.000000, 0.210000
