Coefficients constant [W],Coefficients T [W/K],Coefficients j [W/(A/m^2)],T_start [K],T_end [K],j_start [A/m^2],j_end [A/m^2],Area [m^2],Temperature starts,Temperature ends,Current density starts,Current density ends
721.456913, -2.392159, 0.453052, 313.000000, 329.500000, 1000.000000, 1990.000000, 0.210000, 313.000000, 329.500000, 1000.000000, 1990.000000
1205.252968, -4.170121, 0.496606, 313.000000, 329.500000, 2020.000000, 3010.000000, 0.210000, 330.000000, 346.500000, 2020.000000, 3010.000000
1492.528220, -5.954435, 0.590938, 313.000000, 329.500000, 3040.000000, 4000.000000, 0.210000, 347.000000, 363.000000, 3040.000000, 4000.000000
689.761277, -2.173300, 0.426023, 330.000000, 346.500000, 1000.000000, 1990.000000, 0.210000
1133.291504, -3.734475, 0.468161, 330.000000, 346.500000, 2020.000000, 3010.000000, 0.210000
1354.885605, -5.247881, 0.563930, 330.000000, 346.500000, 3040.000000, 4000.000000, 0.210000
666.325422, -2.002137, 0.402035, 347.000000, 363.000000, 1000.000000, 1990.000000, 0.210000
1081.931043, -3.407332, 0.443524, 347.000000, 363.000000, 2020.000000, 3010.000000, 0.210000
1255.899067, -4.733619, 0.541447, 347.000000, 363.000000, 3040.000000, 4000.000000, 0.210000
